Processors,Size,Time1,Time2,Time3,Time
64,2500,5.02387,5.0617,5.04906,5.044876667
128,3535,6.27857,6.29303,6.27475,6.282116667
256,5000,8.16885,8.18737,8.23725,8.197823333
512,7071,13.5485,11.2311,11.3016,12.02706667
1024,10000,16.3976,17.616,16.3514,16.78833333
2048,14142,28.9908,30.8096,29.9002,29.9002
4096,20000,49.2004,49.2004,49.2004,49.2004
8192,28284,166.998,166.998,166.998,166.998
