Processors,Fragments,Time1,Time2,Time3,Time,Speedup,Rate,Efficiency,Efficiency-R
64,2500,5.02387,5.0617,5.04906,5.044876667,1,495.5522533,1,1
128,3535,6.27857,6.29303,6.27475,6.282116667,0.803053642,562.7084289,0.401526821,0.401526821
256,5000,8.16885,8.18737,8.23725,8.197823333,0.615392216,609.9179986,0.153848054,0.153848054
512,7071,13.5485,11.2311,11.3016,12.02706667,0.419460273,587.9239048,0.052432534,0.052432534
1024,10000,16.3976,17.616,16.3514,16.78833333,0.300498958,595.6517424,0.018781185,0.018781185
2048,14142,28.9908,30.8096,29.9002,29.9002,0.168723844,472.9734249,0.00527262,0.00527262
4096,20000,49.2004,49.2004,49.2004,49.2004,0.10253731,406.5007602,0.001602145,0.001602145
8192,28284,166.998,166.998,166.998,166.998,0.030209204,169.3672978,0.000236009,0.000236009
